timestamp,num_correspondences,reg_itr,fitness,inlier_rmse,translation_rmse,rotation_rmse
1667908110_000000000,573,30,0.044920037629350894,2.7463585088224467,73.47812753101023,0.9427982802607434
1667908110_100000000,575,30,0.04520084898985929,2.7538768607018898,8.723482829458781,0.05573293008247566
1667908110_200000000,576,30,0.04535790219702339,2.7342846000716796,4.849196270627017,0.04925614139130257
1667908110_300000000,581,30,0.04581657597981232,2.331176990197705,4.417764255358037,0.03141016090636437
1667908110_400000000,634,30,0.0499842321034374,2.3137962114805837,4.315073491849324,0.03146227748700307
1667908110_500000000,666,30,0.05221481771854175,2.369416590256595,4.150533012646307,0.03215859988707404
1667908110_600000000,732,30,0.05772415424651053,2.587795385213915,4.332950369127756,0.03669956677267897
1667908110_700000000,788,30,0.062415841584158416,2.7931508135535967,5.155160234143538,0.06345657848716496
1667908110_800000000,889,30,0.07032671465865042,2.820157189075812,5.335691382615621,0.06632091944514903
1667908110_900000000,819,30,0.0652589641434263,2.329243890880927,3.6766980512302987,0.02921478931870786
1667908111_000000000,1024,30,0.08244766505636071,2.7523667673569965,6.6081505572165575,0.08237156888511986
1667908111_100000000,1040,30,0.08323995517848568,2.5089951852151526,3.752187719536759,0.030243592485026952
1667908111_200000000,1101,30,0.08879748366803775,2.553630515888228,3.8485386675934956,0.03331126490504183
1667908111_300000000,1147,27,0.09218775116540749,2.4659464095615085,3.7287548917981557,0.030244226249929257
1667908111_400000000,1163,29,0.09327879371190247,2.4441392901277212,3.5849499042289295,0.028778002119000716
1667908111_500000000,1261,30,0.1007590890930883,2.4505504573965364,3.5798329068015105,0.028794066771732005
1667908111_600000000,1283,24,0.10287867853419934,2.4660620783384286,3.454643716883518,0.027799142512490375
1667908111_700000000,1372,26,0.11069872518960787,2.5351850170886574,3.4373422069441664,0.027876314404812322
1667908111_800000000,1494,30,0.12019308125502816,2.552989905860364,3.2977031006287945,0.024180227560136575
1667908111_900000000,1588,29,0.12728438602116063,2.5818482853061417,3.232705625705613,0.023466623639200143
1667908112_000000000,1849,30,0.14862149344907966,2.951644402302149,3.932908115177813,0.031449160345128284
1667908112_100000000,1816,30,0.14641618963154077,2.664948812782991,2.9946039982845982,0.01947537862612405
1667908112_200000000,1902,30,0.15321411309811503,2.6489076800126736,2.9032031757984336,0.018662873067671084
1667908112_300000000,1994,30,0.16284197631686403,2.6813520749377386,2.9466711670204115,0.01999959089825923
1667908112_400000000,2081,30,0.17103640996137093,2.6566974605405695,2.8228650167831564,0.020002930388213453
1667908112_500000000,2155,30,0.17675524934383202,2.649975655302074,2.829695314280166,0.01873983857732606
1667908112_600000000,2311,30,0.19119715396707207,2.714035494491927,2.9177954460655724,0.01743445893781713
1667908112_700000000,2342,27,0.195639462033247,2.6810049903820037,2.9310041289448945,0.01901232402736287
1667908112_800000000,2435,30,0.20417575046117725,2.665725542151357,2.8307046679161676,0.019349579401010016
1667908112_900000000,2550,30,0.2140878179833767,2.68184805577557,3.0011417832785257,0.020549677124995218
1667908113_000000000,2667,30,0.22338554317782058,2.758927197762812,3.0590150686740216,0.02058072743839808
1667908113_100000000,2810,30,0.2345184443331664,2.8047519910758734,3.2042994127352156,0.018857290504322926
1667908113_200000000,2949,30,0.24530028281483945,2.793984380284547,3.0445134202408477,0.02208873625310586
1667908113_300000000,3255,30,0.2566832268748521,2.8320967674519744,3.199073534236125,0.020127035393708945
1667908113_400000000,3334,30,0.2612033845189596,2.7077566247340914,3.4733522700742965,0.023543994533078236
1667908113_500000000,3577,30,0.2813434009753028,2.689685787323492,3.948245886286416,0.022155468968198512
1667908113_600000000,3666,30,0.28929924242424243,2.6772205704461265,3.5065595533985974,0.024619182448271645
1667908113_700000000,3758,30,0.29681699707764,2.723926561488354,2.889864594614408,0.021619913440680105
1667908113_800000000,3819,30,0.30239923984480166,2.6552066796647424,2.452148524851329,0.018268839795314004
1667908113_900000000,3974,30,0.31212692428526545,2.6269830295778087,2.3627730270998066,0.019434253565932758
1667908114_000000000,4102,30,0.32465373961218835,2.6583341622487255,2.414137679791715,0.020413388236106448
1667908114_100000000,4165,30,0.331449944294127,2.650344449397244,2.325042613445002,0.019708984166240912
1667908114_200000000,4284,30,0.3416267942583732,2.6111736839340587,2.182832278659027,0.019792059787737407
1667908114_300000000,4425,27,0.3499960452424266,2.583778355281827,2.1091438174748776,0.0201740950425378
1667908114_400000000,4533,24,0.358623417721519,2.5410653392423677,1.9776569645563642,0.021634982962030667
1667908114_500000000,4649,25,0.36597654097457294,2.4857197816436325,1.7926723550987662,0.022018824737291012
1667908114_600000000,4731,26,0.37337226738221135,2.4459141307099386,1.743688025603105,0.022859032847139697
1667908114_700000000,4870,30,0.3832231665092855,2.4045592067204034,1.6567592366771007,0.024379207585434666
1667908114_800000000,4912,30,0.39236360731687836,2.3734820271640884,1.5893854926025777,0.02547203435015005
1667908114_900000000,5080,24,0.4028548770816812,2.3655152478733674,1.541218378004653,0.0254833000961294
1667908115_000000000,5259,19,0.4127943485086342,2.328415293532304,1.396504676605404,0.026602397389527303
1667908115_100000000,5286,15,0.41527221305679946,2.3111404827791877,1.3389371045336198,0.027127344695104187
1667908115_200000000,5400,19,0.42303172737955347,2.304627167017801,1.2948999172912974,0.027175019468780287
1667908115_300000000,5475,20,0.42917613859057774,2.3014108174908916,1.2692845707015235,0.027017061961559678
1667908115_400000000,5547,20,0.43670288143599434,2.2837799707137845,1.2930144574734794,0.02644615588484092
1667908115_500000000,5242,30,0.4427364864864865,2.5591883117915186,1.7326736379200354,0.024574088009616656
1667908115_600000000,5292,19,0.44639392661324334,2.442217207301105,1.5762740840130063,0.024778637919442053
1667908115_700000000,5260,18,0.4468229697587496,2.401797556802084,1.5818607363205588,0.02436046722388505
1667908115_800000000,5376,16,0.45807770961145194,2.3401735046484164,1.5798184406181364,0.025267957409603428
1667908115_900000000,5367,14,0.45746675758608935,2.310981773696392,1.565220639471617,0.025229742375003784
1667908116_000000000,5539,14,0.46691393408075527,2.287341441149477,1.5589910658211117,0.025984748461103272
1667908116_100000000,5601,14,0.4759517335146159,2.267510573895023,1.5671667465844035,0.02667498242661371
1667908116_200000000,5673,17,0.48170162180521353,2.26073444371195,1.5834781860110305,0.02754384267233939
1667908116_300000000,5802,14,0.4899096512707929,2.2402787664750097,1.5319620473331808,0.02832658983986574
1667908116_400000000,5730,15,0.4900367741383734,2.217471958753561,1.4329991740411994,0.029280095606165537
1667908116_500000000,5887,14,0.49966049906637244,2.2488455267684158,1.4339278848109036,0.028773093312549847
1667908116_600000000,5923,16,0.5056342837630186,2.2566032157585254,1.404672347722314,0.028550993900210726
1667908116_700000000,5959,14,0.509229191591181,2.2754943025175924,1.3855419578724553,0.028505661447157726
1667908116_800000000,5736,18,0.49542235273795127,2.1206205367833455,1.423343561472954,0.028911987821558776
1667908116_900000000,5837,15,0.5056306306306306,2.135212568310284,1.4421651303456018,0.028880440669115586
1667908117_000000000,5865,15,0.5100887110801878,2.096439986497905,1.3757146778422196,0.028196421944305525
1667908117_100000000,6317,20,0.5486840962390341,2.3603440761126935,1.5847038753061176,0.02786129629500596
1667908117_200000000,6320,18,0.555457901212867,2.3018170275741427,1.5773204127833869,0.027149845992749933
1667908117_300000000,6407,26,0.5595144528862108,2.2529158483874765,1.5062055674684314,0.026354728661649195
1667908117_400000000,6345,14,0.559918813978115,2.2139731503333526,1.3738192984195896,0.02566531077194064
1667908117_500000000,6356,17,0.5632255206025698,2.1599090810677466,1.276869405105395,0.024521353782683487
1667908117_600000000,6341,15,0.5691589623911678,2.1576643628264347,1.2529310156947056,0.025012663206660145
1667908117_700000000,6420,15,0.5744452397995705,2.1511176840341135,1.1844167486332193,0.023971626409117257
1667908117_800000000,6408,17,0.5802245563201739,2.133750093095333,1.164275566553607,0.02378116127623283
1667908117_900000000,6386,18,0.5813911143481427,2.1325499938055503,1.1034058558860178,0.022242273009856334
1667908118_000000000,6322,18,0.5788847175167109,2.134859506471674,1.0204651552568422,0.022203849492672505
1667908118_100000000,6387,18,0.5816410163008834,2.138053103501434,0.9482905980593545,0.02138414373271276
1667908118_200000000,6373,16,0.5881864328564836,2.1546274904089047,0.8497394684013128,0.020238739457347433
1667908118_300000000,6491,19,0.5964896158794339,2.200686051734129,0.8245645843401753,0.019115762888483358
1667908118_400000000,6348,20,0.5873427091043671,2.155344718175095,0.9035036972015885,0.01876569230938488
1667908118_500000000,6445,20,0.5878329076979205,2.1094691615869614,0.9023600803660231,0.017884016500450326
1667908118_600000000,6742,25,0.6216689718764408,2.297329373438245,1.2080235564149384,0.019338215724830216
1667908118_700000000,6717,19,0.6202788807830825,2.2711155500218116,1.1972836741439132,0.019004225658358413
1667908118_800000000,6730,22,0.6270381067735022,2.2200273285911356,1.142399061097067,0.019919764832497643
1667908118_900000000,6840,15,0.6328645447816432,2.1758580567003722,1.082423354300252,0.020481283036355498
1667908119_000000000,6883,15,0.6382012053778396,2.1515406027217985,1.0591993909574546,0.022257436818384296
1667908119_100000000,6969,14,0.6471953937592868,2.1123521298572525,1.0500994644810462,0.022984103011272784
1667908119_200000000,7051,15,0.6560900716479018,2.0965922014276566,1.0536899364623966,0.0240533188655801
1667908119_300000000,7088,15,0.6549621142117908,2.1029379020670382,1.0526753347957865,0.023091803948843023
1667908119_400000000,7184,17,0.6590221080634804,2.0778869232565924,1.079064514340107,0.023972965294710394
1667908119_500000000,7149,24,0.6632956021525329,2.0888205338795984,1.1216594892565996,0.022674221796649977
1667908119_600000000,7195,19,0.6646651270207852,2.104433265361809,1.1278625568278022,0.021928352995860993
1667908119_700000000,7278,22,0.6680128499311611,2.114630140672042,1.144673329145502,0.021501161017195763
1667908119_800000000,7286,19,0.6670939388390404,2.1525526289053416,1.15343194812177,0.02097506127040287
1667908119_900000000,7337,24,0.6691900766143744,2.202895384818899,1.3229203128679337,0.020086192003552356
1667908120_000000000,7418,24,0.6718594330223712,2.2046996472247278,1.346472450483167,0.02063874197024016
1667908120_100000000,7352,18,0.6705581904414447,2.2463053337722627,1.3380267879381706,0.020713092300262883
1667908120_200000000,7495,30,0.6752252252252252,2.3047732238586436,1.38730694838029,0.02062897635300915
1667908120_300000000,7515,26,0.6736889287315105,2.320029795130364,1.318429633425203,0.020699744174232156
1667908120_400000000,7435,24,0.6720600198861069,2.340441850867444,1.224442760665656,0.020036880857336077
1667908120_500000000,7806,19,0.683238512035011,2.3644565353861178,1.1980499558130075,0.02128493382392481
1667908120_600000000,7724,16,0.6839029573224721,2.373159924528132,1.2161646452548276,0.022745878411871673
1667908120_700000000,7680,16,0.6825453252755066,2.385147537958762,1.2679543865142568,0.02347469085761744
1667908120_800000000,7583,15,0.6836458708979445,2.40932826909645,1.3686514978926119,0.02631539094181611
1667908120_900000000,7570,30,0.6903784769721842,2.4626040293923253,1.5328571394439408,0.03637961513519059
1667908121_000000000,7709,25,0.696512468377304,2.49150977829982,1.5764666920633712,0.03760328749082758
1667908121_100000000,7588,21,0.6872565890770763,2.4521089517478374,1.5427095621347804,0.03665883498682309
1667908121_200000000,7514,15,0.6808626313881841,2.4159153612158,1.5272937757486256,0.03743722850111186
1667908121_300000000,7604,30,0.7005066789497927,2.4845797443233772,1.8630892265523182,0.040130815401714634
1667908121_400000000,7629,28,0.6997798569069895,2.463150666228417,1.9887302655471788,0.03998033377299721
1667908121_500000000,7405,30,0.6967444486262703,2.451526488275503,2.096686498674166,0.043289363230286065
1667908121_600000000,7259,27,0.6842303704401923,2.395412301164021,2.0767430152311386,0.044436407339319306
1667908121_700000000,7142,30,0.680060940773186,2.3684805444476296,2.094875894392739,0.044053385309764256
1667908121_800000000,6959,30,0.664026717557252,2.382919016069726,2.0178890451878293,0.04294964553151692
1667908121_900000000,6294,30,0.6071187421626314,2.1906880241836912,0.9297904972040805,0.03652569486509049
1667908122_000000000,6062,20,0.5878018035489189,2.0318550292642565,0.7799540717317405,0.03240234735938771
1667908122_100000000,6049,17,0.5921104150352389,2.050235880901774,0.7621924298378592,0.030612544719713086
1667908122_200000000,6171,18,0.5997667411799009,2.0729530810922645,0.7310115893159527,0.02799815479791108
1667908122_300000000,6205,20,0.6074995104758175,2.09673591744458,0.732619696481938,0.026314327646553434
1667908122_400000000,6287,26,0.6105068945426296,2.074802081338234,0.6692455670555197,0.018591521077902032
1667908122_500000000,6171,18,0.5997667411799009,2.0557987876063413,0.6234712930857275,0.01610448492784831
1667908122_600000000,5990,23,0.5895669291338582,2.006676998650644,0.6028317770909846,0.015345761436993644
1667908122_700000000,5977,16,0.5878245476003147,1.9902229125933346,0.6306283005803865,0.014055065664907343
1667908122_800000000,6055,18,0.6002775850104094,2.0449865049396454,0.6440396051041883,0.012431822887679729
1667908122_900000000,6172,21,0.6092192281117362,2.0412008768016388,0.6576635068868116,0.01098608964238048
1667908123_000000000,6250,19,0.6150364101554812,2.05830605808475,0.6815103812782622,0.011141193691641092
1667908123_100000000,6383,21,0.6274451980733313,2.0709540454850273,0.6842430683187208,0.011648746143585126
1667908123_200000000,6451,19,0.6307195932733672,2.1036595072692803,0.7135965700569654,0.011770059238576321
1667908123_300000000,6382,19,0.6320689313657522,2.1141621488962543,0.6655268268172709,0.013183349085769928
1667908123_400000000,6461,19,0.63442655145326,2.122688597664557,0.6888739727344209,0.0123879941192022
1667908123_500000000,6406,16,0.6374129353233831,2.128258320878493,0.629493872633289,0.014330439715551502
1667908123_600000000,6459,19,0.6387460443037974,2.1261419765658114,0.6207924234696205,0.015332453453329951
1667908123_700000000,6474,18,0.638776517020227,2.160367850298157,0.5442716576902443,0.017176453849274378
1667908123_800000000,6374,17,0.6354301664838999,2.151514654960829,0.512972490448884,0.017805355386731687
1667908123_900000000,6345,16,0.6345,2.131380193678802,0.5455685316491274,0.018305267403538054
1667908124_000000000,6398,15,0.638459235605229,2.136354558976175,0.532824788928226,0.01906011458334401
1667908124_100000000,6491,19,0.6407067416839404,2.1399895983502106,0.5452472903842949,0.019965261650379058
1667908124_200000000,6476,25,0.6436735910943246,2.1748215060388487,0.6591745047203853,0.02074532534867244
1667908124_300000000,6430,21,0.641204627044276,2.197458261098047,0.665114214989059,0.02067702154852224
1667908124_400000000,6419,22,0.6399162595952547,2.200392493486121,0.6914405460437322,0.020777396707581625
1667908124_500000000,6372,27,0.6271653543307086,2.171729103700166,0.6695738814032677,0.019962207373527448
1667908124_600000000,6300,17,0.6245043616177637,2.13727543364147,0.6289807944006298,0.019908886983864338
1667908124_700000000,6308,23,0.6214778325123153,2.131521138330904,0.630495368030882,0.019407406436442474
1667908124_800000000,6327,17,0.6245188036718982,2.1419162610032267,0.5998264946444537,0.019927323047313615
1667908124_900000000,6332,17,0.6247656635421805,2.134122400812405,0.5930353389102719,0.019540052755263247
1667908125_000000000,6356,18,0.621370612963144,2.1493988344302313,0.5857397729230034,0.019289267439125252
1667908125_100000000,6327,18,0.621268656716418,2.1505366442520097,0.5758119838082074,0.019265748219074796
1667908125_200000000,6329,25,0.6240386511536186,2.16018294264902,0.5537212393232979,0.01991985223498193
1667908125_300000000,6282,19,0.6228435455086259,2.1553856113939385,0.5864834555067497,0.019382246745608612
1667908125_400000000,6360,30,0.625122862197759,2.1778375710825424,0.5723608422657539,0.019606562432947002
1667908125_500000000,6325,18,0.626485736925515,2.151985458035358,0.5694275197353816,0.01944409332407888
1667908125_600000000,6344,19,0.6296774193548387,2.1502306361417753,0.574928286305958,0.01972881290862731
1667908125_700000000,6309,20,0.6294522598024543,2.153015993353899,0.5872732190827006,0.019886941369671465
1667908125_800000000,6361,18,0.6290545886075949,2.1568418754001795,0.5987484129517864,0.019957638117922626
1667908125_900000000,6373,19,0.6318659528058695,2.1586706261254065,0.6054945026762644,0.020136995533712215
1667908126_000000000,6380,18,0.6308711559379017,2.1545485060180307,0.616483232373211,0.019686596063972148
1667908126_100000000,6391,16,0.6350357710651828,2.1548672175978068,0.6424602351623093,0.0198184169435847
1667908126_200000000,6413,14,0.6324457593688363,2.1547619306877372,0.6529341864561722,0.019278690318339075
1667908126_300000000,6362,20,0.6296516231195566,2.138384675378466,0.6587616335251466,0.019563103560260378
1667908126_400000000,6405,14,0.6327800829875518,2.1471139698659845,0.6613820022499773,0.019499870153442726
1667908126_500000000,6423,15,0.6346837944664032,2.137094982948107,0.6463102001648237,0.01950952439119428
1667908126_600000000,6414,18,0.6328564380858411,2.1504589762230233,0.6681196110458121,0.019485534516621026
1667908126_700000000,6425,18,0.6338167110584986,2.1397132025098284,0.6748661690428609,0.019700994691105075
1667908126_800000000,6430,15,0.629898119122257,2.136237697841956,0.6795576228475138,0.019371225124448912
1667908126_900000000,6383,17,0.6321053673994851,2.125202814765101,0.6855311779577336,0.01970483033191575
1667908127_000000000,6410,16,0.62997542997543,2.1290556448240596,0.6855152037286496,0.019275145638381008
1667908127_100000000,6395,17,0.6322293623331685,2.1281586457723303,0.682289432587988,0.019402113016298305
1667908127_200000000,6369,14,0.6277969443075406,2.1211024126402394,0.6960446494630871,0.019440937865917645
1667908127_300000000,6359,16,0.6289812067260139,2.13308616627615,0.6997944115250793,0.019685892538953496
1667908127_400000000,6382,15,0.627346898653298,2.126508502270331,0.7048141536916472,0.018899322866304382
1667908127_500000000,6356,15,0.6285601265822784,2.1201128912510647,0.7098113988968058,0.019871375029495365
1667908127_600000000,6432,17,0.6310212891199843,2.1298533208155552,0.7122530796353816,0.019141001664329617
1667908127_700000000,6378,14,0.6283124815289134,2.1332020882624363,0.7144338784100606,0.019176164830044223
1667908127_800000000,6366,14,0.6297358789197744,2.1247356364526775,0.7234224855435296,0.019309596481839088
1667908127_900000000,6431,16,0.6329101466391103,2.142901280156075,0.737007406522289,0.01910439669952822
1667908128_000000000,6374,18,0.6325922985311632,2.1250726737272423,0.7387616267038859,0.019760132625359667
1667908128_100000000,6411,17,0.630507474429583,2.1301440610883176,0.7416553400483812,0.01932835480861365
1667908128_200000000,6369,15,0.6286644951140065,2.1193594196108223,0.7286848687782389,0.019378041410603685
1667908128_300000000,6353,16,0.632328058126804,2.122574888414892,0.7286000668180321,0.019868892190647445
1667908128_400000000,6411,18,0.6319992113564669,2.135434839285772,0.7404605517417446,0.019373862919403937
1667908128_500000000,6334,15,0.6297474647047127,2.108528236021772,0.7286496752429202,0.019562061265911097
1667908128_600000000,6371,18,0.6312295650450808,2.1278591055476617,0.7348850892289018,0.019583380398669668
1667908128_700000000,6330,17,0.6296001591406405,2.1302549439641605,0.7387296147706608,0.01968116322810437
1667908128_800000000,6347,18,0.6277942631058359,2.130582816313198,0.7260369551198257,0.019431667014694246
1667908128_900000000,6350,18,0.629024269440317,2.1167234043384417,0.735159975634583,0.0191507128813625
1667908129_000000000,6328,17,0.6303416674967627,2.1202870444070325,0.7272671401261286,0.019353201363933245
1667908129_100000000,6395,17,0.6342358425071903,2.1279396819942735,0.7394056988135792,0.019442553404953062
1667908129_200000000,6348,15,0.6324598983760088,2.1229477900307976,0.7354537893371987,0.019111226494507763
1667908129_300000000,6363,17,0.6331343283582089,2.1307212104572275,0.7478539231976816,0.019278528748955793
1667908129_400000000,6418,20,0.635193982581156,2.1296501757505175,0.7472797258035284,0.019428646995701477
1667908129_500000000,6390,17,0.6362007168458781,2.1218529112678994,0.739684846723588,0.019377828402835508
1667908129_600000000,6416,15,0.6368870359340878,2.1409436275430545,0.7366911416941256,0.019063028762354974
1667908129_700000000,6388,16,0.6346115636797139,2.127240396362846,0.7482356920682536,0.019900857969196807
1667908129_800000000,6388,16,0.6333531627999207,2.1345709843153573,0.7400669445036911,0.019417485687387073
1667908129_900000000,6370,15,0.6350314026517795,2.129388523619005,0.7510380884604771,0.01963779242790971
1667908130_000000000,6375,17,0.6340759896558583,2.1279682369858586,0.7615238591096507,0.01933029256680073
1667908130_100000000,6452,18,0.6403334656609766,2.140607324924996,0.7616654961630936,0.019566549109079807
1667908130_200000000,6356,16,0.6353458616553379,2.1315059483956373,0.7570865463837452,0.020100414472131074
1667908130_300000000,6389,17,0.6331384401942325,2.1370141275167627,0.7550978122712837,0.019671838044403887
1667908130_400000000,6404,15,0.6381028298126744,2.126163741076505,0.7618388777446886,0.01978813811863762
1667908130_500000000,6407,16,0.6359305210918114,2.134317527591407,0.7384884126771918,0.01898726322129039
1667908130_600000000,6372,17,0.6345981475948611,2.1349738960234856,0.7564563719087626,0.019399696130287927
1667908130_700000000,6381,15,0.6377811094452773,2.128898025927814,0.7468685199804459,0.019737800172357135
1667908130_800000000,6455,17,0.6416500994035785,2.137155806797894,0.7570415895160739,0.019818268791665115
1667908130_900000000,6370,16,0.6366816591704147,2.1258750575537184,0.7395266576657188,0.019553350705105443
1667908131_000000000,6426,14,0.6364896988906498,2.1254485282064066,0.7430365498990698,0.019108890455954597
1667908131_100000000,6402,18,0.6410975365511716,2.1346831180695256,0.7515159346317875,0.019590551416813054
1667908131_200000000,6411,16,0.638863976083707,2.133290557839529,0.7512394802470409,0.01954282917046409
1667908131_300000000,6419,21,0.6394700139470014,2.1332574979361913,0.7469445691220716,0.019990871998900622
1667908131_400000000,6417,18,0.6371760500446828,2.1377629641745073,0.7494098516972346,0.01989671347882778
1667908131_500000000,6413,15,0.6365260545905708,2.1325822722121117,0.7513283642721361,0.019888168370366544
1667908131_600000000,6388,18,0.6365719980069756,2.1262173303144047,0.7452117139794338,0.019556709127850035
1667908131_700000000,6391,17,0.6355409705648369,2.1355673153234163,0.7546582900641375,0.019715275035573233
1667908131_800000000,6398,16,0.6375685102142501,2.1199636942541837,0.7577889461306528,0.01988182176889312
1667908131_900000000,6394,14,0.6349553128103277,2.137235956119705,0.7663423106838027,0.01969008139162225
1667908132_000000000,6375,16,0.6348969226172692,2.129773212024792,0.7682292174101126,0.019800013744832624
1667908132_100000000,6425,19,0.638160508541915,2.1293935543773808,0.7737478564084825,0.020549860437638044
1667908132_200000000,6389,17,0.6347109080071528,2.1312569007522297,0.7513064862139591,0.020214684240825797
1667908132_300000000,6465,17,0.6395291324562271,2.126627997310923,0.7726253069564953,0.02043767126815292
1667908132_400000000,6375,15,0.6341390629662788,2.1320619723556837,0.7581006920510444,0.020391653706928494
1667908132_500000000,6429,16,0.6386846811047089,2.130839154401843,0.7718123281160715,0.0203282812310965
1667908132_600000000,6420,18,0.6382978723404256,2.129006293532564,0.7677837272917266,0.02068208440400152
1667908132_700000000,6415,15,0.6337680300335902,2.1390308076628037,0.7547286426976952,0.02014781629961329
1667908132_800000000,6338,18,0.6337366263373663,2.1110575208622406,0.7629350015257736,0.020828020754567404
1667908132_900000000,6406,19,0.6348860257680872,2.1317702057311934,0.7695878672013164,0.020749657579931965
1667908133_000000000,6392,15,0.6381789137380192,2.133939984320757,0.7636475782505384,0.02099460067388957
1667908133_100000000,6419,14,0.6371215880893301,2.1353569696704193,0.7504475962679226,0.02060106189616639
1667908133_200000000,6394,19,0.6352076296443473,2.1236637738077806,0.7671080643425976,0.02045430236571216
1667908133_300000000,6418,17,0.6360753221010902,2.1209900798488963,0.7719729626673995,0.020242133209695617
1667908133_400000000,6463,15,0.6369370257218883,2.1304065773151226,0.7694801777830184,0.019759300194527835
1667908133_500000000,6408,17,0.6381198964349731,2.1412860878039086,0.7899567869765493,0.01985026714210445
1667908133_600000000,6434,18,0.6363366630402532,2.1242918258045234,0.8021756041629823,0.018953140388943815
1667908133_700000000,6378,17,0.6349427575908412,2.1330307665067525,0.8268654527962108,0.018855863426336772
1667908133_800000000,6378,17,0.6342482100238663,2.1293266765007957,0.8288625709642217,0.018479535885119747
1667908133_900000000,6397,15,0.6369610674101364,2.1194317961101765,0.8385642613640338,0.018258778999253884
1667908134_000000000,6418,17,0.6350054417730286,2.139536173759682,0.8791033873939549,0.018187783055873187
1667908134_100000000,6359,21,0.6338084321738263,2.13612692981358,0.8912642259091769,0.018137739789835485
1667908134_200000000,6406,17,0.6358312655086849,2.127391638335527,0.9081061274027155,0.018160770577437195
1667908134_300000000,6405,16,0.6383296790910903,2.133118972906667,0.8983557506467548,0.018006462158052138
1667908134_400000000,6416,15,0.636192364898364,2.126216612526864,0.8970034030508012,0.01743037240244599
1667908134_500000000,6406,14,0.6369059455160072,2.125597244603609,0.9078028673073628,0.018070975092235358
1667908134_600000000,6454,20,0.6395798236051927,2.130670807810639,0.9162087384841275,0.017790156892203386
1667908134_700000000,6390,15,0.636264064522553,2.1212095491115224,0.9094694693268656,0.017787785345495195
1667908134_800000000,6431,16,0.6368587839176074,2.1296503036554286,0.9007640796885882,0.018038462857371165
1667908134_900000000,6392,18,0.6386890487609912,2.1321267978605998,0.907029432782034,0.01804507283842556
1667908135_000000000,6436,14,0.6370385034148273,2.1364983681701486,0.8913834345508811,0.018211598066954347
1667908135_100000000,6418,19,0.6356343468356938,2.1230035905430853,0.9071175399252551,0.018146883341588524
1667908135_200000000,6426,15,0.634478672985782,2.1373834302907624,0.9065300051584901,0.018275281707327343
1667908135_300000000,6421,16,0.6394144592710616,2.129350065773484,0.9022068474652163,0.018196766784183922
1667908135_400000000,6403,15,0.6340859576153693,2.131010976230515,0.895627882236728,0.017576264587787445
1667908135_500000000,6407,17,0.6355520285685944,2.123521046678314,0.9002820130311506,0.017853748789718897
1667908135_600000000,6409,17,0.6344916344916345,2.136416105904321,0.8973100757416458,0.01738719189996022
1667908135_700000000,6365,18,0.6333333333333333,2.1196008661173344,0.8964801989427857,0.018029991066199305
1667908135_800000000,6371,15,0.6329227101132525,2.1306470614165476,0.9044030125141427,0.018304610394050375
1667908135_900000000,6412,15,0.6373123943941954,2.135085522263698,0.9063746017005978,0.018348525805218837
1667908136_000000000,6446,17,0.6370194683269098,2.131494527369659,0.9007417494327731,0.01784315941100433
1667908136_100000000,6420,16,0.6346381969157769,2.1261613251758322,0.8982731615688839,0.01784480681208499
1667908136_200000000,6373,18,0.6352671451355661,2.124565238767855,0.9046746077837262,0.018159614336586197
1667908136_300000000,6456,19,0.6378816322497777,2.131076312923972,0.9115295483011807,0.018292458041993163
1667908136_400000000,6400,17,0.6359300476947536,2.126532638277048,0.9052867291200267,0.01789000579439252
1667908136_500000000,6390,16,0.6344320889594917,2.125102801536219,0.9019707637257349,0.018444729309884174
1667908136_600000000,6401,15,0.634013470681458,2.1285534898235126,0.9141047793713252,0.018389657424858232
1667908136_700000000,6427,16,0.6353301700276789,2.1355021568260044,0.9045777338633114,0.018031576100607082
1667908136_800000000,6402,16,0.6351190476190476,2.12516746431826,0.908776804145182,0.01831988660859746
1667908136_900000000,6413,17,0.6374117880926349,2.1286276109225186,0.9112305630307914,0.018370369376722775
1667908137_000000000,6384,17,0.631391553753338,2.1292986801000264,0.9108880087987469,0.018370448314822898
1667908137_100000000,6341,18,0.6342268453690738,2.116605224823903,0.8987178772093223,0.018511789352760155
1667908137_200000000,6429,17,0.6350884125259311,2.1262579998168616,0.9036929998937008,0.017941902134720245
1667908137_300000000,6376,17,0.6347436535589845,2.1241491481096633,0.9077687473039601,0.018527974648546604
1667908137_400000000,6412,16,0.6349772232125174,2.127006213403751,0.9120032215367243,0.01856612750212123
1667908137_500000000,6443,17,0.6367229963435123,2.129987623740242,0.9218596443308797,0.018323097741849887
1667908137_600000000,6414,19,0.6390355683969313,2.1193440810098956,0.9272034916343046,0.018497964096479063
1667908137_700000000,6406,15,0.6349489543066706,2.130606290768912,0.9079366322467586,0.018469861299277707
1667908137_800000000,6413,15,0.6376653077458486,2.131805737635321,0.9019224200537235,0.018452006703612175
1667908137_900000000,6422,17,0.6348986653484924,2.1322563742484286,0.9104297342674269,0.01849393770305163
1667908138_000000000,6440,20,0.6357354392892399,2.1427544963208023,0.9064700039978454,0.018341708008134883
1667908138_100000000,6389,20,0.635405271009448,2.1320411682162272,0.9074055696404337,0.018398163028482836
1667908138_200000000,6407,16,0.6345449143309894,2.1370190844755275,0.9319803647549014,0.018816930643786818
1667908138_300000000,6412,17,0.635354736424891,2.1240451985749647,0.9115552063300387,0.01869157327063477
1667908138_400000000,6445,20,0.6375506973983579,2.1291521081868763,0.9217397398760993,0.01899405347976962
1667908138_500000000,6450,19,0.6370999604899249,2.1341928705204243,0.9360886588856134,0.01877466866126644
1667908138_600000000,6438,16,0.6368582451281036,2.126010521236076,0.9139455663872128,0.018015041379201114
1667908138_700000000,6357,16,0.6371016235718581,2.1266376994592706,0.9201861921370986,0.019106023690404452
1667908138_800000000,6433,19,0.63844779674474,2.1410714912480686,0.9441226673149419,0.018667790396419626
1667908138_900000000,6401,19,0.6335741858853806,2.1328700240539087,0.9248164463053375,0.018708480913138415
1667908139_000000000,6386,16,0.6362458902062369,2.1218985156288186,0.9196750699517572,0.019192903498351017
1667908139_100000000,6443,16,0.6365971741922735,2.1326599806889686,0.9254775084208707,0.018762402094746188
1667908139_200000000,6434,18,0.6379771938522558,2.126116712764124,0.9239668956293257,0.0187362979136499
1667908139_300000000,6392,16,0.6358301004675221,2.1239824903261106,0.8989605028336098,0.018627903325247393
1667908139_400000000,6402,18,0.63430100069355,2.1330568824523986,0.921496533932577,0.01814334733105314
1667908139_500000000,6439,20,0.6402505717410759,2.124655693383245,0.9206345065528478,0.018749876377478054
1667908139_600000000,6446,15,0.6355748373101953,2.131306785551696,0.9085306133317669,0.01853778852673163
1667908139_700000000,6400,16,0.6366258828210485,2.1254178526955414,0.9153219254674484,0.018258433843812167
1667908139_800000000,6394,17,0.6355864811133201,2.128595939541557,0.9280953640068472,0.018754205356983578
1667908139_900000000,6388,18,0.6315373208106773,2.130190108853069,0.9322052778723466,0.01862230213782904
1667908140_000000000,6403,15,0.6380031885213232,2.120557914906111,0.934554150612123,0.01897579541314254
1667908140_100000000,6421,19,0.634235480047412,2.1360617301627003,0.9355678531792488,0.018576680202041423
1667908140_200000000,6388,18,0.6360649208403863,2.1236992436480637,0.9340850214751496,0.0190293511315251
1667908140_300000000,6438,17,0.6373626373626373,2.1318079530754903,0.9322187591715514,0.01905193526138745
1667908140_400000000,6445,18,0.6370465553029554,2.1322687127449345,0.9118384573546324,0.019411719479574575
1667908140_500000000,6445,20,0.6367947831241972,2.1312521964524698,0.8891164531501567,0.019340063603012294
1667908140_600000000,6452,25,0.6379907050331257,2.124671712580303,0.8797420501563278,0.019874108640683463
1667908140_700000000,6410,21,0.6383190599482175,2.135068635501402,0.8641433546658462,0.02026363266086175
1667908140_800000000,6419,21,0.6348531302541787,2.1330336723067647,0.8415630477720822,0.020282349668110947
1667908140_900000000,6439,16,0.6392335947582647,2.122784893795634,0.8381010452295069,0.020870788260559985
1667908141_000000000,6443,16,0.6384264764169639,2.135710908167888,0.8241652505117413,0.020908857781949775
1667908141_100000000,6426,17,0.6362376237623762,2.1318166887842063,0.8137660505013242,0.021963536651951564
1667908141_200000000,6425,21,0.6377804248560651,2.1336236537055067,0.805581893916413,0.021876644147280567
1667908141_300000000,6447,17,0.6370553359683795,2.138227242839592,0.8058476898940204,0.022043737437441202
1667908141_400000000,6422,16,0.6384967190296281,2.125098051360376,0.7837410655240017,0.022008880746083252
1667908141_500000000,6394,18,0.632818685669042,2.1257584987828353,0.789268020406554,0.021923387718586453
1667908141_600000000,6385,19,0.6365267670222311,2.128267175519393,0.790509765969937,0.022078687263191874
1667908141_700000000,6457,16,0.6369106332609982,2.127971029003037,0.8057113825978598,0.02221795974980953
1667908141_800000000,6502,19,0.6392685085045718,2.1328190514053156,0.8047558080728416,0.02202194250339698
1667908141_900000000,6456,17,0.6398414271555996,2.1344447640926156,0.8019912826946726,0.02243847137169661
1667908142_000000000,6473,17,0.6354800706852543,2.130597219067536,0.8048629727215395,0.021904192597870933
1667908142_100000000,6425,16,0.6380337636544191,2.119792713453222,0.7976095668981389,0.022160681114136428
1667908142_200000000,6474,17,0.6394705649940735,2.136415920995338,0.79849153530264,0.02225981631340514
1667908142_300000000,6463,23,0.6377540951253207,2.131696911609776,0.7929474564129859,0.02214383015776758
1667908142_400000000,6365,16,0.6341536315632161,2.134511699763593,0.7820970364120206,0.02256997095964602
1667908142_500000000,6416,17,0.6331787229843087,2.11657686530792,0.7769237569306943,0.022288868643056833
1667908142_600000000,6399,16,0.6349474102004365,2.1292756434653817,0.7701168277753467,0.0223235129853858
1667908142_700000000,6377,16,0.6342749154565347,2.1265543528984177,0.7757494764707201,0.022374934840387273
1667908142_800000000,6411,16,0.6381009256494476,2.1306850624363234,0.7809346747450426,0.02242726423018488
1667908142_900000000,6448,18,0.6364623433027342,2.1241885746224303,0.777824871798536,0.022508481645118518
1667908143_000000000,6375,18,0.6354031695405163,2.1169586591745726,0.7884169621199313,0.02263539563198177
1667908143_100000000,6459,17,0.639062036212526,2.130279780806997,0.776007455812376,0.022644758081815108
1667908143_200000000,6413,17,0.6377287191726333,2.13376782411915,0.7785411546573205,0.022508285209827394
1667908143_300000000,6414,16,0.6351752822341058,2.1326623555142197,0.7650198370034816,0.02254285118734367
1667908143_400000000,6388,15,0.6345485248832821,2.1191706855967634,0.7699139848029678,0.022499030781536852
1667908143_500000000,6378,17,0.6350059737156512,2.1262167036882396,0.7788430964938715,0.022544077515991866
1667908143_600000000,6436,17,0.6372277227722772,2.127948991965226,0.7890644830968433,0.022984204296342205
1667908143_700000000,6416,18,0.6344309304855137,2.1317223588492746,0.7773058267490862,0.022847892891356972
1667908143_800000000,6368,16,0.6361638361638362,2.124084687709383,0.7836007828139568,0.022766660960296708
1667908143_900000000,6389,18,0.6350894632206759,2.127504055182727,0.79582537374435,0.023083983911909297
1667908144_000000000,6471,18,0.6365335431831596,2.125083819464803,0.801077717342531,0.022574707092126514
1667908144_100000000,6426,15,0.6380063542494043,2.1180601748913848,0.7975183735495323,0.022722059380878915
1667908144_200000000,6406,16,0.6351378147927821,2.1282539003505634,0.7970518786001775,0.02283278682291943
1667908144_300000000,6466,17,0.6374839790988859,2.1311899795401303,0.8008814244811489,0.022896367165370454
1667908144_400000000,6365,17,0.6351027738974256,2.1168712453363936,0.7783636209446485,0.02305822431548129
1667908144_500000000,6428,15,0.6335501675537157,2.1350323429183757,0.790160737215393,0.022591165169530927
1667908144_600000000,6380,17,0.6354581673306773,2.1310304816011922,0.7863442944151051,0.022933457260412394
1667908144_700000000,6424,17,0.6355362089434111,2.133615489376925,0.7977559418001179,0.022996823904036817
1667908144_800000000,6430,20,0.6375173507832639,2.1333334920745846,0.793619319336876,0.023302202372753582
1667908144_900000000,6426,16,0.6345413251703367,2.133734850823706,0.7984154094608189,0.022716221196878054
1667908145_000000000,6405,16,0.6364268680445151,2.1347713998881077,0.7975592113103559,0.02320796880671119
1667908145_100000000,6416,16,0.6349332013854527,2.1285900870758807,0.8119247630340848,0.023112407770743647
1667908145_200000000,6436,17,0.6379857256145915,2.133244356196515,0.8152889284824988,0.023205892068100732
1667908145_300000000,6411,16,0.6366434955312811,2.1242915262816386,0.7966328714900116,0.023384156640696728
1667908145_400000000,6400,16,0.6347946835945248,2.13299206722931,0.8039002012759283,0.02340643132878935
1667908145_500000000,6486,18,0.6370690501915333,2.1269792566015444,0.8049229692977512,0.023128741882940573
1667908145_600000000,6353,21,0.634411823447174,2.1325718900516364,0.8075229768331755,0.023321480646049306
1667908145_700000000,6478,17,0.6398656657447649,2.1170405525685196,0.8082515998129337,0.023453181206938258
1667908145_800000000,6429,18,0.6363456399089379,2.130699982709645,0.7977219174150745,0.023173884451018076
1667908145_900000000,6426,21,0.6393393692169933,2.1350149658023176,0.8138848664235223,0.023869927550321177
1667908146_000000000,6398,16,0.6347222222222222,2.1366487340570814,0.8065138293324633,0.023871086714502995
1667908146_100000000,6442,17,0.639912585675971,2.136336153643805,0.8043867531482783,0.023650649762662956
1667908146_200000000,6419,16,0.6371848322414135,2.1308462883908863,0.8053817551285963,0.02319568761300131
1667908146_300000000,6421,19,0.6396692568240685,2.1335131446583664,0.8320840743358398,0.02336139946860687
1667908146_400000000,6429,18,0.6383675901102175,2.138116534938362,0.8086205968280822,0.023284408869802157
1667908146_500000000,6434,20,0.6420516914479593,2.1390653583898374,0.8260429380885678,0.02337106112843609
1667908146_600000000,6427,24,0.6375992063492063,2.1443266583176337,0.8288982659456955,0.023645746469514083
1667908146_700000000,6475,19,0.6426799007444168,2.1381976910332563,0.8281532623836702,0.02335517519249872
1667908146_800000000,6421,17,0.638714811499055,2.1374791843691217,0.8245172445942931,0.02375454706891952
1667908146_900000000,6427,18,0.6360217714002969,2.143723106662371,0.8112218228347821,0.02329952596692301
1667908147_000000000,6419,16,0.6396611858495267,2.126640896139281,0.817449272239732,0.023486802995232023
1667908147_100000000,6455,16,0.6382873529120934,2.138975925431746,0.8149605498864578,0.02355550173292463
1667908147_200000000,6454,18,0.638251582278481,2.136496055481138,0.8228585582422056,0.023423629243502112
1667908147_300000000,6442,15,0.6388337961126537,2.1297116797261135,0.82550865357076,0.023702512759808527
1667908147_400000000,6412,15,0.6346001583531274,2.134526319462887,0.817941241870152,0.023715031783512856
1667908147_500000000,6424,20,0.6396495071193866,2.13306046664179,0.8332798429937257,0.023844931460089706
1667908147_600000000,6477,18,0.6397037037037037,2.1412278635938047,0.8214276344823215,0.02351152454221124
1667908147_700000000,6475,19,0.6391274306583753,2.142422783341337,0.8303103835536406,0.023895829300343452
1667908147_800000000,6460,18,0.6383399209486166,2.1364794019608127,0.830715066352377,0.023801131449931862
1667908147_900000000,6441,16,0.6364624505928854,2.135396587479773,0.8173057458728221,0.02400538902863305
1667908148_000000000,6423,16,0.6375186104218362,2.1318408586832316,0.8186223221929173,0.023423023198906476
1667908148_100000000,6496,19,0.6417704011065007,2.1321491238873156,0.8233867340770407,0.023703195577180872
1667908148_200000000,6450,27,0.6409619397793899,2.135303984354828,0.8356493971121836,0.023022807071025123
1667908148_300000000,6483,16,0.6376512245500148,2.136895342783422,0.8139450850800143,0.023426469087615694
1667908148_400000000,6437,14,0.6370113805047006,2.134823717469464,0.8023383718986274,0.023438077784172926
1667908148_500000000,6403,17,0.6363546014708805,2.1381323486085493,0.8118483863925489,0.023748931823982793
1667908148_600000000,6401,17,0.6357135763233688,2.1335297725083655,0.8233089301850297,0.023776236773888727
1667908148_700000000,6386,17,0.6355493630573248,2.143266813995765,0.7994381707919253,0.023468838762443586
1667908148_800000000,6445,19,0.6379293279223993,2.1472907402273163,0.8088787878614847,0.023395992460054898
1667908148_900000000,6512,16,0.64031465093412,2.1424390186908018,0.8236456601648469,0.023726906011340098
1667908149_000000000,6462,18,0.6423459244532803,2.136502005664012,0.8167215524317776,0.02361032644865246
1667908149_100000000,6484,22,0.639384676067449,2.137560402557761,0.8124949666667499,0.023460055396276273
1667908149_200000000,6409,18,0.6400679117147708,2.137375451222032,0.8159840448585068,0.023654615876670407
1667908149_300000000,6461,17,0.6361130254996554,2.125993908769549,0.8046962457399247,0.023237014761734877
1667908149_400000000,6476,17,0.6396049382716049,2.143544100302726,0.8124716882023174,0.023261183222175304
1667908149_500000000,6405,16,0.6391577686857599,2.135885238313091,0.8201776387334527,0.023199903073899103
1667908149_600000000,6457,18,0.6380434782608696,2.1395614038122344,0.8111316601603009,0.0234622771199543
1667908149_700000000,6479,20,0.6404072353464466,2.1312946013702394,0.8134401102931863,0.0228018035030093
1667908149_800000000,6431,21,0.6371111551416683,2.1360866229659212,0.8153171518447528,0.022082789686940562
1667908149_900000000,6455,16,0.6392988016242448,2.139099216876626,0.8272008433930665,0.022941868907892175
1667908150_000000000,6472,17,0.6378868519613641,2.144090615121829,0.8116569461586947,0.022810904909191566
1667908150_100000000,6441,16,0.6385446614454248,2.1338595524242665,0.806798950547608,0.022922510101384637
1667908150_200000000,6475,18,0.6416608859379646,2.1333932429042965,0.8218722028871158,0.022393855776416886
1667908150_300000000,6532,17,0.6445628577067298,2.1439985061617635,0.8027192828387837,0.022428286070381744
1667908150_400000000,6535,16,0.6535653565356536,2.1420197234027585,0.771648334011061,0.022282646381780652
1667908150_500000000,6572,16,0.649278798656392,2.1443925304783096,0.7519859915886472,0.02102589752197232
1667908150_600000000,6592,18,0.6526086526086526,2.1230425663584116,0.7366513077230122,0.021094327979779122
1667908150_700000000,6569,21,0.6478303747534516,2.1182271750193236,0.7016417966028197,0.020473909156310144
1667908150_800000000,6552,21,0.6522648083623693,2.1270095876663153,0.6768395346448544,0.020671019687214544
1667908150_900000000,6581,20,0.6510040557918686,2.1200982522741363,0.6486728899083282,0.01931351880556349
1667908151_000000000,6555,17,0.6558279139569785,2.136774850646247,0.6477302813746344,0.01997031824570199
1667908151_100000000,6635,19,0.6583647549116888,2.1366353698567404,0.6100973667417232,0.020169914579627673
1667908151_200000000,6566,20,0.6541143654114365,2.141522351537687,0.6054304959730915,0.019182066128184124
1667908151_300000000,6570,22,0.6567373050779688,2.1474716407565646,0.6559615019077587,0.020230497929710767
1667908151_400000000,6538,20,0.6503531284193773,2.1332891530602867,0.6595473783336911,0.021081987884326477
1667908151_500000000,6512,28,0.6548672566371682,2.112935782220414,0.6268779378290944,0.02158130086093958
1667908151_600000000,6489,24,0.649224612306153,2.121820265882674,0.6797856470765965,0.022101123595027135
1667908151_700000000,6502,22,0.6511767651477216,2.083393378535072,0.6394016546163165,0.023347053782912203
1667908151_800000000,6366,28,0.641798568404073,2.0645477196741413,0.6243886646305231,0.025045924078425968
1667908151_900000000,6391,23,0.6498220640569395,2.012620990030442,0.5887305966715112,0.02601440841717247
1667908152_000000000,6496,20,0.6539816772374912,2.002666735261789,0.565899905604692,0.02555421896559992
1667908152_100000000,6524,22,0.6632777551850345,1.954483590734319,0.5865944980870961,0.026663773149245784
1667908152_200000000,6494,22,0.6640081799591002,2.0016588224743326,0.5798003860987138,0.024777016737675128
1667908152_300000000,6590,18,0.672929643622996,2.0214182090132464,0.6209016217869026,0.022158210504872
1667908152_400000000,6587,18,0.6649505350292751,2.0343866691225387,0.5950488912564854,0.020069078249554784
1667908152_500000000,6520,17,0.6640863719698513,2.036009381675235,0.6032716884097364,0.019947560966041427
1667908152_600000000,6584,18,0.6704684317718941,2.0224469229243307,0.6062556742416834,0.020620148570740092
1667908152_700000000,6706,18,0.6725503961488316,2.0583583714572113,0.6262808171508626,0.020601614882453403
1667908152_800000000,6685,25,0.6693031637965559,2.0669002153022706,0.6617174780188542,0.020885576404242195
1667908152_900000000,6667,23,0.6718057234985892,2.0658016553120286,0.6593352459741036,0.020738731728434462
1667908153_000000000,6604,27,0.6641858593985719,2.0565992122186345,0.6141753331082181,0.021646427417600242
1667908153_100000000,6633,25,0.665362624134818,2.0494836367564204,0.5953881881081425,0.022323748778135234
1667908153_200000000,6760,21,0.6716343765524093,2.081807529620376,0.5721605281386679,0.022094859033895655
1667908153_300000000,6786,24,0.6700898587933247,2.1313953110678883,0.5773435246834923,0.022400761563176514
1667908153_400000000,6816,19,0.6801716395569305,2.120541666119757,0.6840033625986144,0.022915364009026766
1667908153_500000000,6721,25,0.664590131513893,2.123052016855503,0.685696304340176,0.022969534238240566
1667908153_600000000,6666,26,0.6583703703703704,2.102836860724289,0.6531350540021803,0.022102396444168764
1667908153_700000000,6684,26,0.6619788055858176,2.1450665893654204,0.6309721284019405,0.021060931941441163
1667908153_800000000,6642,28,0.6524557956777997,2.1243957465784216,0.5930982661475982,0.021475958679418945
1667908153_900000000,6593,21,0.647197408461765,2.1362727590439627,0.624546197109219,0.022243297819536816
1667908154_000000000,6457,25,0.6379174076269511,2.16270737609166,0.598622773947018,0.02130875945207396
1667908154_100000000,7032,26,0.6511111111111111,2.118593938581845,0.5008138723350948,0.02221768679314096
1667908154_200000000,6566,26,0.6618951612903226,2.1000416123154046,0.4541059537568331,0.0200404371335187
1667908154_300000000,6448,28,0.6596419437340153,2.0905670139084327,0.47681828062624676,0.02252213834842684
1667908154_400000000,6411,30,0.6514581851437862,2.1396380340359706,0.3826186627967741,0.021803917445382785
1667908154_500000000,6447,30,0.6517387788111605,2.165229174776171,0.4620329462690244,0.02303629606256046
1667908154_600000000,6390,30,0.6465648082566022,2.218018596873549,0.40601901743173685,0.022639109066201996
1667908154_700000000,6237,30,0.631467044649185,2.159658057078651,0.3141208171827885,0.016563080000258364
1667908154_800000000,6227,21,0.6274687625957275,2.1722230021549227,0.31951929625342274,0.015245740214282917
1667908154_900000000,6267,25,0.6347614706776056,2.133062427324031,0.388238929025697,0.01675892806719904
1667908155_000000000,6308,28,0.6481709823263461,2.122367922238516,0.2605304969607044,0.018916415120010566
1667908155_100000000,6361,30,0.6444129267551413,2.0867224668604107,0.24980423170320998,0.019197812445279808
1667908155_200000000,6364,24,0.6462225832656376,2.080553687487965,0.2885189952771258,0.017872385687753945
1667908155_300000000,6405,26,0.6453400503778337,2.0991354865612646,0.18489884836775278,0.01816844447568011
1667908155_400000000,6407,30,0.6492045799979734,2.1280842461207605,0.23249943569985032,0.0168035932084346
1667908155_500000000,6574,26,0.6565464895635673,2.1545703027437666,0.22219179029495795,0.018495570518790767
1667908155_600000000,6645,29,0.6741402049305062,2.1510438525068913,0.3179277688392452,0.01962704890620926
1667908155_700000000,6680,22,0.6792759812894041,2.134273692001208,0.3222388502374755,0.018438824068170538
1667908155_800000000,7193,26,0.6836802585305579,2.162694206079681,0.29346161461870784,0.02107493926663541
1667908155_900000000,7191,23,0.6750844911753662,2.1760792250639454,0.3448002385810604,0.02150534595218045
1667908156_000000000,7262,28,0.6795171703939366,2.2000667334546313,0.41982834210801306,0.02115357606227855
1667908156_100000000,7367,24,0.6769273178351557,2.2435662117843127,0.4760562045529381,0.02084583383364936
1667908156_200000000,7210,22,0.675220078666417,2.2974426763982714,0.5123349763977957,0.020779094870379954
1667908156_300000000,7032,22,0.653106714962385,2.286078054555131,0.5078334469670215,0.02123230611269943
1667908156_400000000,6876,25,0.6411188811188812,2.2743841191892322,0.29596585446859874,0.020656887561925432
1667908156_500000000,6753,29,0.626495964375174,2.2273398863763942,0.5207770160032341,0.0196010758738944
1667908156_600000000,6704,25,0.6274216190921853,2.2997352136132765,0.4136701872094003,0.01842182562480072
1667908156_700000000,6416,23,0.5962271164389926,2.207098188844525,0.6431736600152199,0.018996972647365974
1667908156_800000000,6339,30,0.5723185265438786,2.2428434337663035,0.6010977649518376,0.020046288480569597
1667908156_900000000,6402,29,0.5657476139978791,2.232650560690578,0.47991999193450885,0.01822579109638301
1667908157_000000000,5868,23,0.5540553299971674,2.1809505854931386,0.4551805560786884,0.01490330602997128
1667908157_100000000,5642,29,0.532013201320132,2.1495807828984788,0.4552334743038295,0.013595222920475002
1667908157_200000000,5408,28,0.5262236061107327,2.15904417692906,0.37043615604898267,0.012434474141776949
1667908157_300000000,5176,24,0.5099507389162562,2.103699864754234,0.4150950644879189,0.011685679464772995
1667908157_400000000,4938,28,0.4974813620793875,2.1196644107280593,0.39610853858929174,0.011526550810133223
1667908157_500000000,4791,24,0.48679130258077624,2.1464106747493927,0.3585179318727301,0.015923762323960745
1667908157_600000000,4723,26,0.48545585363346694,2.1050587235389555,0.31061964938427217,0.01783643027387488
1667908157_700000000,5391,24,0.5261052015223968,2.2006756809907553,0.4829531077983628,0.018587154523648113
1667908157_800000000,5089,26,0.5069230002988345,2.0984290079742327,0.3643238101351962,0.017638883928781945
1667908157_900000000,4980,30,0.5002511300853842,2.1612701203093443,0.42417368407629286,0.01748214227532968
1667908158_000000000,5375,27,0.5243390888693786,2.248807017669188,0.36269443025246584,0.017100477127011973
1667908158_100000000,5337,27,0.5299374441465594,2.1992053993127203,0.23078501752397287,0.018175255563881436
1667908158_200000000,5499,29,0.5474910394265233,2.108899339975592,0.1694703353963458,0.01652017721343813
1667908158_300000000,5485,29,0.5407137223974764,2.002479748757229,0.33033440956943705,0.011084760312039699
1667908158_400000000,5329,25,0.5235802711731185,2.0057575866889663,0.45219521292545134,0.010856547991785656
1667908158_500000000,5341,21,0.508327781479014,2.003138305160192,0.4974393258282787,0.010974543232722294
1667908158_600000000,5158,24,0.498501981250604,2.040649300003897,0.4489708188681472,0.011025043375651127
1667908158_700000000,5246,30,0.5010027695540064,2.0672525467417664,0.37932167742585116,0.010587239414296633
1667908158_800000000,5169,27,0.4878255945639864,2.1313588319501524,0.3984738309350847,0.01077107865939818
1667908158_900000000,5160,30,0.47950933928073597,2.139741002837848,0.4593323270305885,0.009761608996348616
1667908159_000000000,5067,30,0.4716120625465376,2.102686185310831,0.5202406781397745,0.01007099732717683
1667908159_100000000,4913,30,0.45950243172465394,2.1954694562534556,0.6191692107532817,0.011718614277770368
1667908159_200000000,4624,30,0.4405487804878049,2.253176402805002,0.6921681789880403,0.011486547810202878
1667908159_300000000,4580,30,0.43507172033817804,2.2385189718151315,10.615107606508328,0.9416586735162978
1667908159_400000000,4376,30,0.41561401842530155,2.2013049135012137,11.191951164544646,0.9416093642196549
1667908159_500000000,4211,30,0.40093306674283535,2.0581589253487835,11.873207380424034,0.9415079393314858
1667908159_600000000,4049,30,0.39723339546747766,2.157512573297272,12.368423094109792,0.9414629179510202
1667908159_700000000,4044,30,0.3988952456105741,2.2202470726529464,12.802039228578527,0.9414757427987782
1667908159_800000000,3927,30,0.39467336683417087,2.2932058652266383,13.407237076931601,0.9415506414361572
1667908159_900000000,4072,30,0.40489211494481453,2.8934770658478173,13.920947256074058,0.94270335354844
